id,nb_of_bathrooms
0,2
1,1
2,1
3,3
4,1
5,3
6,3
7,2
8,2
9,3
10,2
11,2
12,1
13,2
14,1
15,2
16,1
17,3
18,1
19,3
20,2
21,2
22,1
23,2
24,3
25,2
26,1
27,3
28,3
29,1
30,2
31,1
32,1
33,2
34,1
35,2
36,3
37,2
38,3
39,3
40,2
41,3
42,2
43,3
44,3
45,1
46,1
47,1
48,3
49,3
50,3
51,2
52,2
53,2
54,2
55,1
56,2
57,1
58,2
59,2
60,2
61,2
62,1
63,2
64,2
65,1
66,1
67,3
68,1
69,1
70,2
71,3
72,3
73,3
74,3
75,3
76,1
77,1
78,2
79,2
80,2
81,3
82,3
83,3
84,2
85,1
86,1
87,1
88,1
89,1
90,1
91,2
92,3
93,2
94,3
95,3
96,1
97,1
98,1
99,2
