id,nb_of_rooms
0,1
1,4
2,1
3,4
4,2
5,4
6,3
7,3
8,3
9,3
10,3
11,1
12,3
13,3
14,4
15,2
16,3
17,2
18,2
19,2
20,2
21,4
22,4
23,1
24,3
25,1
26,3
27,2
28,1
29,3
30,4
31,3
32,1
33,2
34,4
35,4
36,2
37,2
38,1
39,1
40,2
41,4
42,3
43,4
44,4
45,3
46,1
47,3
48,3
49,3
50,2
51,4
52,2
53,2
54,3
55,1
56,2
57,4
58,2
59,2
60,1
61,1
62,4
63,2
64,1
65,2
66,4
67,3
68,3
69,1
70,2
71,3
72,4
73,1
74,2
75,1
76,1
77,2
78,4
79,3
80,1
81,1
82,2
83,3
84,3
85,1
86,3
87,4
88,2
89,1
90,1
91,2
92,2
93,2
94,3
95,3
96,2
97,2
98,2
99,2
